{
  "id": "pf1-rebellion-sheet",
  "title": "PF1e Rebellion Sheet",
  "description": "Everything needed to run a rebellion from Hell's Rebels",
  "version": "1.0.0",
  "authors": [
    {
      "name": "Tubbz",
      "url": "https://github.com/bhudnell",
      "discord": "_tubbz"
    }
  ],

  "esmodules": ["rebellion-sheet.mjs"],
  "styles": ["styles/common.css", "styles/event.css", "styles/rebellion.css", "styles/team.css", "styles/ally.css"],

  "documentTypes": {
    "Actor": {
      "rebellion": {
        "htmlFields": ["notes"]
      }
    },
    "Item": {
      "team": {
        "htmlFields": ["description"]
      },
      "event": {
        "htmlFields": ["description"]
      },
      "ally": {
        "htmlFields": ["description"]
      }
    }
  },

  "packs": [
    {
      "name": "allies",
      "label": "Allies",
      "path": "packs/allies",
      "type": "Item",
      "ownership": {
        "PLAYER": "OBSERVER"
      },
      "system": "pf1"
    },
    {
      "name": "events",
      "label": "Events",
      "path": "packs/events",
      "type": "Item",
      "ownership": {
        "PLAYER": "OBSERVER"
      },
      "system": "pf1"
    },
    {
      "name": "teams",
      "label": "Teams",
      "path": "packs/teams",
      "type": "Item",
      "ownership": {
        "PLAYER": "OBSERVER"
      },
      "system": "pf1"
    },
    {
      "name": "rules",
      "label": "Rules",
      "path": "packs/rules",
      "type": "JournalEntry",
      "ownership": {
        "PLAYER": "OBSERVER"
      }
    },
    {
      "name": "roll-tables",
      "label": "Roll Tables",
      "type": "RollTable",
      "ownership": {
        "PLAYER": "OBSERVER"
      }
    }
  ],
  "packFolders": [
    {
      "name": "Hell's Rebels",
      "packs": ["allies", "events", "teams", "rules", "roll-tables"]
    }
  ],

  "languages": [
    {
      "lang": "en",
      "name": "English",
      "path": "lang/en.json"
    }
  ],

  "compatibility": {
    "minimum": "11",
    "verified": "11.315"
  },

  "manifest": "https://github.com/bhudnell/foundryvtt-pf1-rebellion-sheet/raw/main/module.json",
  "download": "https://github.com/bhudnell/foundryvtt-pf1-rebellion-sheet/raw/main/module.zip",
  "url": "https://github.com/bhudnell/foundryvtt-pf1-rebellion-sheet"
}
